"display_name","age","gender","residence","pace","official_time","overall","gender_result","division_result",seconds,"first_name","last_name"
"Yoshiaki Unetani","0","M","","00:05:06","2:13:49","1","1","1",8029,"Yoshiaki","Unetani"
"Pablo Garrivo Lugo","0","M","","00:05:14","2:17:30","2","2","2",8250,"Pablo Garrivo Lugo",""
"Alfredo Penaloza","0","M","","00:05:20","2:19:56","3","3","3",8396,"Alfredo","Penaloza"
"Ron Daws","0","M","","00:05:21","2:20:23","4","4","4",8423,"Ron","Daws"
"Robert (Bob) Moore","0","M","","00:05:23","2:21:28","5","5","5",8488,"Robert (Bob) Moore",""
"Robert Deines","0","M","","00:05:26","2:22:49","6","6","6",8569,"Robert","Deines"
"Jose Garcia Gaspar","0","M","","00:05:27","2:23:16","7","7","7",8596,"Jose Garcia Gaspar",""
"Patrick McMahon","0","M","","00:05:28","2:23:24","8","8","8",8604,"Patrick","McMahon"
"Phil Hampton","0","M","","00:05:28","2:23:46","9","9","9",8626,"Phil","Hampton"
"Penti Rummakko","0","M","","00:05:30","2:24:14","10","10","10",8654,"Penti","Rummakko"
"Jeffrey K Reneau","0","M","","00:05:31","2:24:42","11","11","11",8682,"Jeffrey K Reneau",""
"Martina Ande","0","M","","00:05:36","2:26:58","12","12","12",8818,"Martina","Ande"
"Gary Muhrcke","0","M","","00:05:38","2:27:53","13","13","13",8873,"Gary","Muhrcke"
"Dimitrios Vouros","0","M","","00:05:40","2:28:40","14","14","14",8920,"Dimitrios","Vouros"
"Jim McDonagh","0","M","","00:05:41","2:29:07","15","15","15",8947,"Jim","McDonagh"
"Ambrose Burfoot","0","M","","00:05:41","2:29:07","15","15","15",8947,"Ambrose","Burfoot"
"Joe Clare","0","M","","00:05:41","2:29:16","17","17","17",8956,"Joe","Clare"
"James C Colvin","0","M","","00:05:43","2:29:58","18","18","18",8998,"James C Colvin",""
"Wayne Yetman","0","M","","00:05:44","2:30:23","19","19","19",9023,"Wayne","Yetman"
"Frank Pflaging","0","M","","00:05:44","2:30:43","20","20","20",9043,"Frank","Pflaging"
"Danny McFadzean","0","M","","00:05:45","2:30:54","21","21","21",9054,"Danny","McFadzean"
"John J Kelley","0","M","","00:05:46","2:31:36","22","22","22",9096,"John J Kelley",""
"Peter G Stipe","0","M","","00:05:47","2:31:50","23","23","23",9110,"Peter G Stipe",""
"Ronald Y Gaff","0","M","","00:05:49","2:32:42","24","24","24",9162,"Ronald Y Gaff",""
"Paul D Thompson","0","M","","00:05:50","2:33:22","25","25","25",9202,"Paul D Thompson",""
"John Kneen","0","M","","00:05:51","2:33:27","26","26","26",9207,"John","Kneen"
"Jay E Dirksen","0","M","","00:05:51","2:33:40","27","27","27",9220,"Jay E Dirksen",""
"Wayne Comeu","0","M","","00:05:52","2:33:50","28","28","28",9230,"Wayne","Comeu"
"Morris Aarbo","0","M","","00:05:52","2:33:53","29","29","29",9233,"Morris","Aarbo"
"Hichael Goerke","0","M","","00:05:52","2:34:04","30","30","30",9244,"Hichael","Goerke"
"Donald R Wallingford","0","M","","00:05:52","2:34:05","31","31","31",9245,"Donald R Wallingford",""
"Glynn L Wood","0","M","","00:05:52","2:34:08","32","32","32",9248,"Glynn L Wood",""
"Leonard A Lundmark","0","M","","00:05:54","2:34:46","33","33","33",9286,"Leonard A Lundmark",""
"Richard Ashley","0","M","","00:05:54","2:35:04","34","34","34",9304,"Richard","Ashley"
"Harry G Balthis","0","M","","00:05:58","2:36:42","35","35","35",9402,"Harry G Balthis",""
"Rafael Angel Perez Costa","0","M","","00:05:58","2:36:49","36","36","36",9409,"Rafael Angel Perez Costa",""
"Richard L Baron","0","M","","00:05:59","2:37:12","37","37","37",9432,"Richard L Baron",""
"Kazuo Yamashito","0","M","","00:06:00","2:37:37","38","38","38",9457,"Kazuo","Yamashito"
"John W Pagliano","0","M","","00:06:00","2:37:43","39","39","39",9463,"John W Pagliano",""
"Chris Henty","0","M","","00:06:01","2:38:05","40","40","40",9485,"Chris","Henty"
"Richard Rowley","0","M","","00:06:03","2:38:45","41","41","41",9525,"Richard","Rowley"
"Philip Ryan","0","M","","00:06:03","2:38:46","42","42","42",9526,"Philip","Ryan"
"Virgil E Yehnert","0","M","","00:06:04","2:39:11","43","43","43",9551,"Virgil E Yehnert",""
"Eric Walther","0","M","","00:06:04","2:39:15","44","44","44",9555,"Eric","Walther"
"Gene Comroe","0","M","","00:06:04","2:39:22","45","45","45",9562,"Gene","Comroe"
"David A Chisolm","0","M","","00:06:06","2:40:15","46","46","46",9615,"David A Chisolm",""
"Johnny T Faerber","0","M","","00:06:07","2:40:47","47","47","47",9647,"Johnny T Faerber",""
"Steven W Jackson","0","M","","00:06:08","2:40:52","48","48","48",9652,"Steven W Jackson",""
"Alabama Higdon","0","M","","00:06:09","2:41:18","49","49","49",9678,"Alabama","Higdon"
"Lawrence Joseph","0","M","","00:06:09","2:41:20","50","50","50",9680,"Lawrence","Joseph"
"Frederick van Eeden","0","M","","00:06:09","2:41:21","51","51","51",9681,"Frederick van Eeden",""
"James Van Manen","0","M","","00:06:09","2:41:24","52","52","52",9684,"James Van Manen",""
"Gary Hamilton","0","M","Bluff City","00:06:09","2:41:27","53","53","53",9687,"Gary","Hamilton"
"Mike Small","0","M","","00:06:10","2:41:46","54","54","54",9706,"Mike","Small"
"Heimert Axolotl","0","M","","00:06:10","2:41:52","55","55","55",9712,"Heimert","Axolotl"
"Ted Corbett","0","M","","00:06:10","2:42:07","56","56","56",9727,"Ted","Corbett"
"Tom Calabrese","0","M","","00:06:13","2:43:05","57","57","57",9785,"Tom","Calabrese"
"William Schwanb","0","M","","00:06:13","2:43:26","58","58","58",9806,"William","Schwanb"
"Raymond Will","0","M","","00:06:14","2:43:47","59","59","59",9827,"Raymond","Will"
"Sidney M Adams","0","M","","00:06:15","2:43:57","60","60","60",9837,"Sidney M Adams",""
"Gerald Teal","0","M","","00:06:15","2:43:59","61","61","61",9839,"Gerald","Teal"
"Bill Taylor Jr","0","M","","00:06:15","2:44:12","62","62","62",9852,"Bill Taylor Jr",""
"Terry Engelder","0","M","","00:06:15","2:44:17","63","63","63",9857,"Terry","Engelder"
"John Valentine","0","M","","00:06:16","2:44:26","64","64","64",9866,"John","Valentine"
"Steven Gachupin","0","M","","00:06:16","2:44:42","65","65","65",9882,"Steven","Gachupin"
"Stephen Kearney","0","M","","00:06:17","2:45:08","66","66","66",9908,"Stephen","Kearney"
"Frederick Best","0","M","","00:06:18","2:45:12","67","67","67",9912,"Frederick","Best"
"John E Geraltt","0","M","","00:06:18","2:45:21","68","68","68",9921,"John E Geraltt",""
"Steve Ransier","0","M","","00:06:19","2:45:54","69","69","69",9954,"Steve","Ransier"
"David Wise","0","M","","00:06:20","2:46:09","70","70","70",9969,"David","Wise"
"Victor Matthews","0","M","","00:06:20","2:46:21","71","71","71",9981,"Victor","Matthews"
"John Moatt","0","M","","00:06:21","2:46:35","72","72","72",9995,"John","Moatt"
"James Kuisma","0","M","","00:06:21","2:46:41","73","73","73",10001,"James","Kuisma"
"Patrick Lanin","0","M","","00:06:21","2:46:52","74","74","74",10012,"Patrick","Lanin"
"Mike Sullivan","0","M","","00:06:21","2:46:54","75","75","75",10014,"Mike","Sullivan"
"Terry Ragg","0","M","","00:06:23","2:47:34","76","76","76",10054,"Terry","Ragg"
"Flory Rodd","0","M","","00:06:23","2:47:40","77","77","77",10060,"Flory","Rodd"
"John Wanecke","0","M","","00:06:24","2:47:54","78","78","78",10074,"John","Wanecke"
"Peter Mundle","0","M","","00:06:24","2:48:12","79","79","79",10092,"Peter","Mundle"
"Tom Aman","0","M","","00:06:24","2:48:13","80","80","80",10093,"Tom","Aman"
"Mike Bigelow","0","M","","00:06:25","2:48:15","81","81","81",10095,"Mike","Bigelow"
"Glen Gustafson","0","M","","00:06:25","2:48:34","82","82","82",10114,"Glen","Gustafson"
"Joe Richmond","0","M","","00:06:27","2:49:12","83","83","83",10152,"Joe","Richmond"
"Bob Hersey","0","M","","00:06:27","2:49:21","84","84","84",10161,"Bob","Hersey"
"John Brennand","0","M","","00:06:28","2:49:38","85","85","85",10178,"John","Brennand"
"Tom Derderian","0","M","","00:06:28","2:49:38","85","85","85",10178,"Tom","Derderian"
"John Winslow","0","M","","00:06:28","2:49:46","87","87","87",10186,"John","Winslow"
"Fred Spagins","0","M","","00:06:29","2:50:04","88","88","88",10204,"Fred","Spagins"
"Herb Monk","0","M","","00:06:29","2:50:10","89","89","89",10210,"Herb","Monk"
"Grant St John","0","M","","00:06:29","2:50:22","90","90","90",10222,"Grant St John",""
"David Worthen","0","M","","00:06:30","2:50:29","91","91","91",10229,"David","Worthen"
