"display_name","age","gender","residence","pace","official_time","overall","gender_result","division_result",seconds,"first_name","last_name"
"Morio Shigematsu","0","M","","00:05:12","2:16:33","1","1","1",8193,"Morio","Shigematsu"
"Hideaki Shishido","0","M","","00:05:13","2:17:13","2","2","2",8233,"Hideaki","Shishido"
"Takayuki Nakeo","0","M","","00:05:14","2:17:31","3","3","3",8251,"Takayuki","Nakeo"
"Aurele Vandendriessche","0","M","","00:05:15","2:17:44","4","4","4",8264,"Aurele","Vandendriessche"
"Yoshikazu Funasako","0","M","","00:05:16","2:18:18","5","5","5",8298,"Yoshikazu","Funasako"
"Kazuo Matsubara","0","M","","00:05:18","2:19:17","6","6","6",8357,"Kazuo","Matsubara"
"Ralph Buschmann","0","M","","00:05:21","2:20:20","7","7","7",8420,"Ralph","Buschmann"
"Eino Oksanen","0","M","","00:05:23","2:21:13","8","8","8",8473,"Eino","Oksanen"
"Eino Velle","0","M","","00:05:24","2:21:52","9","9","9",8512,"Eino","Velle"
"Erik Ostbye","0","M","","00:05:27","2:23:05","10","10","10",8585,"Erik","Ostbye"
"Ronald Wallingford","0","M","","00:05:28","2:23:36","11","11","11",8616,"Ronald","Wallingford"
"Gar Williams","0","M","","00:05:32","2:25:06","12","12","12",8706,"Gar","Williams"
"L C Castagnola","0","M","","00:05:32","2:25:12","13","13","13",8712,"L C Castagnola",""
"Johnny Kelley","0","M","","00:05:32","2:25:23","14","14","14",8723,"Johnny","Kelley"
"Ron Daws","0","M","","00:05:42","2:29:31","15","15","15",8971,"Ron","Daws"
"Lawrence Smith","0","M","","00:05:44","2:30:33","16","16","16",9033,"Lawrence","Smith"
"Mike Kimball","0","M","","00:05:44","2:30:45","17","17","17",9045,"Mike","Kimball"
"James Freeman","0","M","","00:05:45","2:30:53","18","18","18",9053,"James","Freeman"
"Roger Hauck","0","M","","00:05:46","2:31:17","19","19","19",9077,"Roger","Hauck"
"William Schab","0","M","","00:05:48","2:32:07","20","20","20",9127,"William","Schab"
"Walter Hewlett","0","M","","00:05:49","2:32:34","21","21","21",9154,"Walter","Hewlett"
"Thomas McCarthy","0","M","","00:05:50","2:32:59","22","22","22",9179,"Thomas","McCarthy"
"Frederick Ross","0","M","","00:05:51","2:33:29","23","23","23",9209,"Frederick","Ross"
"Richard Ashley","0","M","","00:05:51","2:33:35","24","24","24",9215,"Richard","Ashley"
"Ambrose Burfoot","0","M","","00:05:52","2:34:09","25","25","25",9249,"Ambrose","Burfoot"
"Thomas Durie","0","M","","00:05:54","2:34:44","26","26","26",9284,"Thomas","Durie"
"Robert Scharf","0","M","","00:05:55","2:35:16","27","27","27",9316,"Robert","Scharf"
"Adolf Gruber","0","M","","00:05:55","2:35:31","28","28","28",9331,"Adolf","Gruber"
"Vincent Chiappeth","0","M","","00:05:56","2:35:55","29","29","29",9355,"Vincent","Chiappeth"
"Daniel McKinney","0","M","","00:05:58","2:36:37","30","30","30",9397,"Daniel","McKinney"
"Stuart Adams","0","M","","00:05:58","2:36:49","31","31","31",9409,"Stuart","Adams"
"Thomas Pelzer","0","M","","00:05:59","2:36:54","32","32","32",9414,"Thomas","Pelzer"
"James Wrynn","0","M","","00:06:00","2:37:31","33","33","33",9451,"James","Wrynn"
"Rodolfo Mendez","0","M","","00:06:00","2:37:38","34","34","34",9458,"Rodolfo","Mendez"
"John J Kelly","0","M","","00:06:00","2:37:45","35","35","35",9465,"John J Kelly",""
"Roland Michaut","0","M","","00:06:01","2:37:51","36","36","36",9471,"Roland","Michaut"
"Raymond Darwin","0","M","","00:06:03","2:38:40","37","37","37",9520,"Raymond","Darwin"
"Ted Corbitt","0","M","","00:06:03","2:38:51","38","38","38",9531,"Ted","Corbitt"
"Abraham Assa","0","M","","00:06:04","2:39:25","39","39","39",9565,"Abraham","Assa"
"Peter MacDonald","0","M","","00:06:05","2:39:47","40","40","40",9587,"Peter","MacDonald"
"David Prokop","0","M","","00:06:06","2:40:15","41","41","41",9615,"David","Prokop"
"James Van Manen","0","M","","00:06:07","2:40:24","42","42","42",9624,"James Van Manen",""
"Royce Sawyer","0","M","","00:06:07","2:40:41","43","43","43",9641,"Royce","Sawyer"
"John Galiepp","0","M","","00:06:07","2:40:47","44","44","44",9647,"John","Galiepp"
"Paul Hoffman","0","M","","00:06:12","2:42:46","45","45","45",9766,"Paul","Hoffman"
"Herbert Monek","0","M","","00:06:15","2:44:13","46","46","46",9853,"Herbert","Monek"
"Victor Matthews","0","M","","00:06:16","2:44:20","47","47","47",9860,"Victor","Matthews"
"Bill Eld","0","M","","00:06:17","2:45:05","48","48","48",9905,"Bill","Eld"
"Robert Eisenhauer","0","M","","00:06:17","2:45:08","49","49","49",9908,"Robert","Eisenhauer"
"Robert Cummings","0","M","","00:06:18","2:45:34","50","50","50",9934,"Robert","Cummings"
"Tom Osler","0","M","","00:06:20","2:46:08","51","51","51",9968,"Tom","Osler"
"Luis H Torres","0","M","","00:06:20","2:46:22","52","52","52",9982,"Luis H Torres",""
"Jerome Riordan","0","M","","00:06:22","2:47:03","53","53","53",10023,"Jerome","Riordan"
"Gordon Dickson","0","M","","00:06:22","2:47:04","54","54","54",10024,"Gordon","Dickson"
"Francis D Faherty","0","M","","00:06:22","2:47:05","55","55","55",10025,"Francis D Faherty",""
"John Booras","0","M","","00:06:22","2:47:21","56","56","56",10041,"John","Booras"
"Ludwig Schlessi","0","M","","00:06:24","2:48:13","57","57","57",10093,"Ludwig","Schlessi"
"John A Kelly","0","M","","00:06:25","2:48:32","58","58","58",10112,"John A Kelly",""
"Roy Cobb","0","M","","00:06:28","2:49:59","59","59","59",10199,"Roy","Cobb"
"Michel Rose","0","M","","00:06:28","2:49:59","59","59","59",10199,"Michel","Rose"
"Mike Hoffman","0","M","","00:06:29","2:50:05","61","61","61",10205,"Mike","Hoffman"
"Paul Schell","0","M","","00:06:30","2:50:27","62","62","62",10227,"Paul","Schell"
"Nat Ciruinick","0","M","","00:06:30","2:50:47","63","63","63",10247,"Nat","Ciruinick"
"Robert Bamburger","0","M","","00:06:31","2:50:58","64","64","64",10258,"Robert","Bamburger"
"Peter Burkhart","0","M","","00:06:31","2:51:12","65","65","65",10272,"Peter","Burkhart"
"Regis Forel","0","M","","00:06:32","2:51:27","66","66","66",10287,"Regis","Forel"
"Angus Wooten","0","M","","00:06:32","2:51:44","67","67","67",10304,"Angus","Wooten"
"Alan Atter","0","M","","00:06:33","2:52:07","68","68","68",10327,"Alan","Atter"
"Alan Trammel","0","M","","00:06:34","2:52:15","69","69","69",10335,"Alan","Trammel"
"James Powers","0","M","","00:06:35","2:53:03","70","70","70",10383,"James","Powers"
"Mick Couniham","0","M","","00:06:36","2:53:09","71","71","71",10389,"Mick","Couniham"
"Aldo Scandurra","0","M","","00:06:36","2:53:21","72","72","72",10401,"Aldo","Scandurra"
"Anthony Sapienza","0","M","","00:06:37","2:53:34","73","73","73",10414,"Anthony","Sapienza"
"Red McNicholl","0","M","","00:06:37","2:53:51","74","74","74",10431,"Red","McNicholl"
"Ronald Van Atter","0","M","","00:06:38","2:54:06","75","75","75",10446,"Ronald Van Atter",""
"Lawrence Berman","0","M","","00:06:38","2:54:10","76","76","76",10450,"Lawrence","Berman"
"Edmund Conner Jr","0","M","","00:06:38","2:54:11","77","77","77",10451,"Edmund Conner Jr",""
"Stuart Adams","0","M","","00:06:38","2:54:16","78","78","78",10456,"Stuart","Adams"
"Thomas Gale","0","M","","00:06:38","2:54:19","79","79","79",10459,"Thomas","Gale"
"Scotto Gonzales","0","M","","00:06:44","2:56:39","80","80","80",10599,"Scotto","Gonzales"
"Myron Bigelow","0","M","","00:06:45","2:57:03","81","81","81",10623,"Myron","Bigelow"
"Erich Segal","0","M","","00:06:46","2:57:26","82","82","82",10646,"Erich","Segal"
"Don Fay","0","M","","00:06:46","2:57:41","83","83","83",10661,"Don","Fay"
"Daniel Gavin","0","M","","00:06:46","2:57:45","84","84","84",10665,"Daniel","Gavin"
"Peter Burkhart","0","M","","00:06:47","2:58:12","85","85","85",10692,"Peter","Burkhart"
"Dick Colt","0","M","","00:06:48","2:58:31","86","86","86",10711,"Dick","Colt"
"Joseph Buyalos","0","M","","00:06:49","2:58:59","87","87","87",10739,"Joseph","Buyalos"
"J Daley Jr","0","M","","00:06:50","2:59:30","88","88","88",10770,"J Daley Jr",""
"Robert Lund","0","M","","00:06:52","3:00:10","89","89","89",10810,"Robert","Lund"
"Gary Katz","0","M","","00:06:52","3:00:23","90","90","90",10823,"Gary","Katz"
"Scott Hamilton Jr","0","M","","00:06:54","3:00:59","91","91","91",10859,"Scott Hamilton Jr",""
"R Trudeau","0","M","","00:06:55","3:01:45","92","92","92",10905,"R","Trudeau"
"J Coucill","0","M","","00:06:56","3:01:58","93","93","93",10918,"J","Coucill"
"J Jacobs","0","M","","00:06:57","3:02:18","94","94","94",10938,"J","Jacobs"
"Gerard McCann","0","M","","00:06:58","3:02:42","95","95","95",10962,"Gerard","McCann"
"Ed Vivancos","0","M","","00:06:59","3:03:07","96","96","96",10987,"Ed","Vivancos"
"Daniel Senecal","0","M","","00:06:59","3:03:07","96","96","96",10987,"Daniel","Senecal"
"Eric Nelson","0","M","","00:07:00","3:03:57","98","98","98",11037,"Eric","Nelson"
"Edward Ayres","0","M","","00:08:11","3:34:36","99","99","99",12876,"Edward","Ayres"
