"display_name","age","gender","residence","pace","official_time","overall","gender_result","division_result",seconds,"first_name","last_name"
"Gerard A Cote","0","M","Canada","00:05:39","2:28:28","1","1","1",8908,"Gerard A Cote",""
"John A Kelley","0","M","Massachusetts","00:05:47","2:32:03","2","2","2",9123,"John A Kelley",""
"Don Heinicke","0","M","Maryland","00:05:48","2:32:21","3","3","3",9141,"Don","Heinicke"
"Leslie S Pawson","0","M","Rhode Island","00:05:50","2:33:09","4","4","4",9189,"Leslie S Pawson",""
"Paul Donato","0","M","Massachusetts","00:05:54","2:34:54","5","5","5",9294,"Paul","Donato"
"Andre J Brunelle","0","M","Massachusetts","00:05:55","2:35:20","6","6","6",9320,"Andre J Brunelle",""
"Robert S Rankine","0","M","Canada","00:06:00","2:37:44","7","7","7",9464,"Robert S Rankine",""
"Fred A McGlone","0","M","Massachusetts","00:06:01","2:37:49","8","8","8",9469,"Fred A McGlone",""
"George L Durgin","0","M","Massachusetts","00:06:02","2:38:21","9","9","9",9501,"George L Durgin",""
"Frank M Darrah","0","M","Massachusetts","00:06:14","2:43:38","10","10","10",9818,"Frank M Darrah",""
"Augustas Johnson","0","M","New York","00:06:15","2:44:01","11","11","11",9841,"Augustas","Johnson"
"Joseph Biaggie","0","M","Massachusetts","00:06:16","2:44:31","12","12","12",9871,"Joseph","Biaggie"
"Ellison M Brown","0","M","Rhode Island","00:06:17","2:44:45","13","13","13",9885,"Ellison M Brown",""
"Louis Young","0","M","Massachusetts","00:06:17","2:44:57","14","14","14",9897,"Louis","Young"
"Anthony Medeiros","0","M","Massachusetts","00:06:24","2:48:14","15","15","15",10094,"Anthony","Medeiros"
"Joseph Smith","0","M","Massachusetts","00:06:26","2:48:52","16","16","16",10132,"Joseph","Smith"
"Lloyd Evans","0","M","Canada","00:06:26","2:48:55","17","17","17",10135,"Lloyd","Evans"
"William Smallcombe","0","M","Canada","00:06:30","2:50:26","18","18","18",10226,"William","Smallcombe"
"Italo Amicangioli","0","M","Massachusetts","00:06:31","2:51:02","19","19","19",10262,"Italo","Amicangioli"
"Anthony Paskell","0","M","Massachusetts","00:06:31","2:51:05","20","20","20",10265,"Anthony","Paskell"
"Ray Elano","0","M","Massachusetts","00:06:32","2:51:37","21","21","21",10297,"Ray","Elano"
"Daniel F Cox","0","M","Massachusetts","00:06:34","2:52:12","22","22","22",10332,"Daniel F Cox",""
"Roy Palmer","0","M","Canada","00:06:35","2:52:55","23","23","23",10375,"Roy","Palmer"
"Michael J O'Hara","0","M","New York","00:06:36","2:53:15","24","24","24",10395,"Michael J O'Hara",""
"George Patrokos","0","M","Massachusetts","00:06:37","2:53:32","25","25","25",10412,"George","Patrokos"
"William Panvo Wicklund","0","M","New York","00:06:39","2:54:46","26","26","26",10486,"William Panvo Wicklund",""
"Clarence H DeMar","0","M","New Hampshire","00:06:41","2:55:32","27","27","27",10532,"Clarence H DeMar",""
"Robert Wallace","0","M","California","00:06:42","2:55:45","28","28","28",10545,"Robert","Wallace"
"John Semple","0","M","Massachusetts","00:06:47","2:58:10","29","29","29",10690,"John","Semple"
"Martin Fitzpatrick","0","M","Massachusetts","00:06:57","3:02:23","30","30","30",10943,"Martin","Fitzpatrick"
"Walter Emery","0","M","Massachusetts","00:06:57","3:02:39","31","31","31",10959,"Walter","Emery"
"Clarence W Bowley Jr","0","M","Maine","00:07:01","3:04:17","32","32","32",11057,"Clarence W Bowley Jr",""
"Joseph Kleinerman","0","M","New York","00:07:02","3:04:37","33","33","33",11077,"Joseph","Kleinerman"
"Edward Wesolowski","0","M","New York","00:07:06","3:06:15","34","34","34",11175,"Edward","Wesolowski"
"Leo Giard","0","M","Massachusetts","00:07:09","3:07:36","35","35","35",11256,"Leo","Giard"
"John A Kelley","0","M","Massachusetts","00:07:13","3:09:23","36","36","36",11363,"John A Kelley",""
"Bennie Ahearn","0","M","Massachusetts","00:07:16","3:10:58","37","37","37",11458,"Bennie","Ahearn"
"Joseph W Plouffe","0","M","Massachusetts","00:07:17","3:11:01","38","38","38",11461,"Joseph W Plouffe",""
"Rene Monfretit","0","M","Canada","00:07:25","3:14:49","39","39","39",11689,"Rene","Monfretit"
"Walter Young","0","M","Canada","00:07:26","3:14:57","40","40","40",11697,"Walter","Young"
"Charles D Brederson","0","M","Rhode Island","00:07:34","3:18:26","41","41","41",11906,"Charles D Brederson",""
"Frederick B Gerry","0","M","Massachusetts","00:07:38","3:20:25","42","42","42",12025,"Frederick B Gerry",""
"Ollie Manninen","0","M","Massachusetts","00:07:43","3:22:22","43","43","43",12142,"Ollie","Manninen"
"James E Lewis","0","M","Massachusetts","00:07:43","3:22:44","44","44","44",12164,"James E Lewis",""
"William F Good","0","M","Massachusetts","00:07:50","3:25:36","45","45","45",12336,"William F Good",""
"John L Coleman","0","M","Massachusetts","00:07:52","3:26:28","46","46","46",12388,"John L Coleman",""
"Frank Simone","0","M","Massachusetts","00:07:53","3:26:52","47","47","47",12412,"Frank","Simone"
"Pat Polletta","0","M","Massachusetts","00:07:53","3:26:55","48","48","48",12415,"Pat","Polletta"
"Herbert L Martin","0","M","Massachusetts","00:07:54","3:27:09","49","49","49",12429,"Herbert L Martin",""
"John D Porter Jr","0","M","Massachusetts","00:07:54","3:27:29","50","50","50",12449,"John D Porter Jr",""
"Herbert E Wood","0","M","Massachusetts","00:07:57","3:28:34","51","51","51",12514,"Herbert E Wood",""
"Karl De Vine","0","M","Massachusetts","00:07:58","3:28:57","52","52","52",12537,"Karl De Vine",""
"Charles M Williams","0","M","Massachusetts","00:07:59","3:29:30","53","53","53",12570,"Charles M Williams",""
"Stanley J Weneck","0","M","Massachusetts","00:07:59","3:29:40","54","54","54",12580,"Stanley J Weneck",""
"John J C Maloney","0","M","Massachusetts","00:08:04","3:31:48","55","55","55",12708,"John J C Maloney",""
